Feature,Importance
age,0.4337584037994268
odometer,0.17028162561063312
cylinders,0.10908065332066254
drive,0.08527132551197708
manufacturer,0.05033641219352093
fuel,0.04947039110473852
condition,0.030547217467205737
type,0.02932315229238125
paint_color,0.021935339427564378
transmission,0.0140619929571528
title_status,0.005933486314736816
